stopId1, stopId2, time
12351217,12348192,15
12351217,12349057,16
12351217,12349516,5
12351217,12343415,17
12351217,12351488,17
12351217,12350135,13
12351217,12345328,61
12351217,12348444,62
12351217,12350840,58
12351217,12350818,68
12351217,12350484,44
12351217,12308520,44
12351217,12349005,42
12351217,12350627,50
12351217,12349651,51
12351217,12351196,50
12351217,12349968,50
12351217,12350265,55
12351217,12351082,39
12351217,12342376,58
12351217,12349989,44
12351217,12351272,46
12351217,12351315,64
12351217,12347928,55
12351217,12351049,56
12351217,12349009,59
12351217,12351024,59
12351217,12350358,47
12351217,12351769,48
12351217,12350501,36
12351217,12348896,41
12351217,12349842,37
12351217,12350103,25
12351217,12349706,33
12351217,12337737,35
12351217,12346603,37
12351217,12350687,39
12351217,12348803,33
12351217,12350757,30
12351217,12345730,47
12351217,12348335,32
12351217,12347871,49
12351217,12350758,48
12351217,12349553,44
12351217,12350656,28
12351217,12338526,32
12351217,12348665,46
12351217,12350684,33
12351217,12347260,29
12351217,12348709,42
12351217,12332932,66
12351217,12345229,54
12351217,12350492,59
12351217,12346752,62
12351217,12349283,45
12351217,12339545,124
12351217,12350842,45
12351217,12351426,45
12351217,12348694,31
12351217,12350468,45
12351217,Depot,45
12348192,12351217,15
12348192,12349057,6
12348192,12349516,13
12348192,12343415,29
12348192,12351488,11
12348192,12350135,10
12348192,12345328,58
12348192,12348444,59
12348192,12350840,55
12348192,12350818,66
12348192,12350484,42
12348192,12308520,43
12348192,12349005,46
12348192,12350627,48
12348192,12349651,49
12348192,12351196,48
12348192,12349968,48
12348192,12350265,52
12348192,12351082,45
12348192,12342376,56
12348192,12349989,42
12348192,12351272,44
12348192,12351315,62
12348192,12347928,53
12348192,12351049,54
12348192,12349009,53
12348192,12351024,57
12348192,12350358,45
12348192,12351769,46
12348192,12350501,48
12348192,12348896,39
12348192,12349842,34
12348192,12350103,31
12348192,12349706,45
12348192,12337737,33
12348192,12346603,36
12348192,12350687,37
12348192,12348803,32
12348192,12350757,27
12348192,12345730,45
12348192,12348335,43
12348192,12347871,47
12348192,12350758,46
12348192,12349553,42
12348192,12350656,25
12348192,12338526,30
12348192,12348665,44
12348192,12350684,31
12348192,12347260,41
12348192,12348709,40
12348192,12332932,73
12348192,12345229,60
12348192,12350492,67
12348192,12346752,68
12348192,12349283,62
12348192,12339545,122
12348192,12350842,59
12348192,12351426,65
12348192,12348694,43
12348192,12350468,43
12348192,Depot,44
12349057,12351217,16
12349057,12348192,6
12349057,12349516,15
12349057,12343415,30
12349057,12351488,15
12349057,12350135,14
12349057,12345328,55
12349057,12348444,56
12349057,12350840,52
12349057,12350818,62
12349057,12350484,38
12349057,12308520,39
12349057,12349005,42
12349057,12350627,45
12349057,12349651,45
12349057,12351196,44
12349057,12349968,44
12349057,12350265,49
12349057,12351082,53
12349057,12342376,53
12349057,12349989,39
12349057,12351272,41
12349057,12351315,58
12349057,12347928,50
12349057,12351049,51
12349057,12349009,50
12349057,12351024,53
12349057,12350358,41
12349057,12351769,42
12349057,12350501,54
12349057,12348896,36
12349057,12349842,31
12349057,12350103,27
12349057,12349706,41
12349057,12337737,29
12349057,12346603,32
12349057,12350687,34
12349057,12348803,28
12349057,12350757,24
12349057,12345730,41
12349057,12348335,56
12349057,12347871,43
12349057,12350758,43
12349057,12349553,39
12349057,12350656,22
12349057,12338526,27
12349057,12348665,40
12349057,12350684,28
12349057,12347260,43
12349057,12348709,36
12349057,12332932,70
12349057,12345229,60
12349057,12350492,71
12349057,12346752,73
12349057,12349283,58
12349057,12339545,119
12349057,12350842,56
12349057,12351426,62
12349057,12348694,39
12349057,12350468,40
12349057,Depot,40
12349516,12351217,5
12349516,12348192,13
12349516,12349057,15
12349516,12343415,20
12349516,12351488,16
12349516,12350135,11
12349516,12345328,61
12349516,12348444,63
12349516,12350840,59
12349516,12350818,69
12349516,12350484,45
12349516,12308520,46
12349516,12349005,43
12349516,12350627,51
12349516,12349651,52
12349516,12351196,51
12349516,12349968,51
12349516,12350265,56
12349516,12351082,40
12349516,12342376,59
12349516,12349989,45
12349516,12351272,47
12349516,12351315,65
12349516,12347928,65
12349516,12351049,57
12349516,12349009,61
12349516,12351024,60
12349516,12350358,48
12349516,12351769,49
12349516,12350501,40
12349516,12348896,42
12349516,12349842,39
12349516,12350103,29
12349516,12349706,34
12349516,12337737,36
12349516,12346603,39
12349516,12350687,40
12349516,12348803,34
12349516,12350757,31
12349516,12345730,48
12349516,12348335,36
12349516,12347871,50
12349516,12350758,49
12349516,12349553,45
12349516,12350656,29
12349516,12338526,34
12349516,12348665,47
12349516,12350684,34
12349516,12347260,33
12349516,12348709,43
12349516,12332932,70
12349516,12345229,55
12349516,12350492,63
12349516,12346752,63
12349516,12349283,50
12349516,12339545,125
12349516,12350842,46
12349516,12351426,49
12349516,12348694,32
12349516,12350468,46
12349516,Depot,46
12343415,12351217,17
12343415,12348192,30
12343415,12349057,32
12343415,12349516,20
12343415,12351488,29
12343415,12350135,27
12343415,12345328,71
12343415,12348444,93
12343415,12350840,69
12343415,12350818,78
12343415,12350484,54
12343415,12308520,55
12343415,12349005,58
12343415,12350627,60
12343415,12349651,61
12343415,12351196,60
12343415,12349968,60
12343415,12350265,65
12343415,12351082,52
12343415,12342376,69
12343415,12349989,55
12343415,12351272,57
12343415,12351315,74
12343415,12347928,65
12343415,12351049,67
12343415,12349009,66
12343415,12351024,69
12343415,12350358,57
12343415,12351769,58
12343415,12350501,37
12343415,12348896,52
12343415,12349842,48
12343415,12350103,43
12343415,12349706,46
12343415,12337737,45
12343415,12346603,48
12343415,12350687,50
12343415,12348803,44
12343415,12350757,41
12343415,12345730,57
12343415,12348335,30
12343415,12347871,59
12343415,12350758,59
12343415,12349553,55
12343415,12350656,39
12343415,12338526,43
12343415,12348665,56
12343415,12350684,43
12343415,12347260,31
12343415,12348709,52
12343415,12332932,52
12343415,12345229,77
12343415,12350492,57
12343415,12346752,75
12343415,12349283,53
12343415,12339545,135
12343415,12350842,61
12343415,12351426,43
12343415,12348694,43
12343415,12350468,56
12343415,Depot,56
12351488,12351217,17
12351488,12348192,11
12351488,12349057,15
12351488,12349516,16
12351488,12343415,29
12351488,12350135,7
12351488,12345328,66
12351488,12348444,67
12351488,12350840,64
12351488,12350818,74
12351488,12350484,49
12351488,12308520,50
12351488,12349005,55
12351488,12350627,55
12351488,12349651,56
12351488,12351196,55
12351488,12349968,55
12351488,12350265,61
12351488,12351082,64
12351488,12342376,64
12351488,12349989,50
12351488,12351272,53
12351488,12351315,69
12351488,12347928,60
12351488,12351049,62
12351488,12349009,61
12351488,12351024,66
12351488,12350358,54
12351488,12351769,53
12351488,12350501,50
12351488,12348896,47
12351488,12349842,43
12351488,12350103,36
12351488,12349706,52
12351488,12337737,40
12351488,12346603,43
12351488,12350687,45
12351488,12348803,39
12351488,12350757,37
12351488,12345730,54
12351488,12348335,48
12351488,12347871,54
12351488,12350758,55
12351488,12349553,50
12351488,12350656,35
12351488,12338526,40
12351488,12348665,51
12351488,12350684,38
12351488,12347260,44
12351488,12348709,47
12351488,12332932,80
12351488,12345229,71
12351488,12350492,82
12351488,12346752,79
12351488,12349283,69
12351488,12339545,80
12351488,12350842,67
12351488,12351426,76
12351488,12348694,39
12351488,12350468,51
12351488,Depot,51
12350135,12351217,13
12350135,12348192,10
12350135,12349057,14
12350135,12349516,11
12350135,12343415,27
12350135,12351488,7
12350135,12345328,63
12350135,12348444,64
12350135,12350840,61
12350135,12350818,69
12350135,12350484,46
12350135,12308520,47
12350135,12349005,50
12350135,12350627,52
12350135,12349651,53
12350135,12351196,52
12350135,12349968,52
12350135,12350265,57
12350135,12351082,61
12350135,12342376,61
12350135,12349989,47
12350135,12351272,49
12350135,12351315,66
12350135,12347928,57
12350135,12351049,59
12350135,12349009,62
12350135,12351024,61
12350135,12350358,49
12350135,12351769,50
12350135,12350501,46
12350135,12348896,44
12350135,12349842,40
12350135,12350103,31
12350135,12349706,49
12350135,12337737,37
12350135,12346603,40
12350135,12350687,42
12350135,12348803,36
12350135,12350757,33
12350135,12345730,49
12350135,12348335,44
12350135,12347871,51
12350135,12350758,51
12350135,12349553,47
12350135,12350656,31
12350135,12338526,35
12350135,12348665,48
12350135,12350684,36
12350135,12347260,39
12350135,12348709,44
12350135,12332932,76
12350135,12345229,58
12350135,12350492,65
12350135,12346752,66
12350135,12349283,68
12350135,12339545,127
12350135,12350842,63
12350135,12351426,79
12350135,12348694,35
12350135,12350468,48
12350135,Depot,48
12345328,12351217,62
12345328,12348192,59
12345328,12349057,56
12345328,12349516,62
12345328,12343415,70
12345328,12351488,67
12345328,12350135,64
12345328,12348444,16
12345328,12350840,15
12345328,12350818,15
12345328,12350484,25
12345328,12308520,21
12345328,12349005,35
12345328,12350627,12
12345328,12349651,13
12345328,12351196,13
12345328,12349968,17
12345328,12350265,16
12345328,12351082,40
12345328,12342376,3
12345328,12349989,21
12345328,12351272,32
12345328,12351315,8
12345328,12347928,15
12345328,12351049,8
12345328,12349009,21
12345328,12351024,14
12345328,12350358,26
12345328,12351769,21
12345328,12350501,44
12345328,12348896,26
12345328,12349842,36
12345328,12350103,43
12345328,12349706,39
12345328,12337737,34
12345328,12346603,27
12345328,12350687,27
12345328,12348803,33
12345328,12350757,44
12345328,12345730,32
12345328,12348335,51
12345328,12347871,18
12345328,12350758,31
12345328,12349553,25
12345328,12350656,46
12345328,12338526,42
12345328,12348665,20
12345328,12350684,32
12345328,12347260,52
12345328,12348709,24
12345328,12332932,80
12345328,12345229,22
12345328,12350492,70
12345328,12346752,30
12345328,12349283,38
12345328,12339545,24
12345328,12350842,33
12345328,12351426,49
12345328,12348694,44
12345328,12350468,18
12345328,Depot,21
12348444,12351217,62
12348444,12348192,59
12348444,12349057,56
12348444,12349516,63
12348444,12343415,88
12348444,12351488,68
12348444,12350135,64
12348444,12345328,16
12348444,12350840,6
12348444,12350818,9
12348444,12350484,26
12348444,12308520,23
12348444,12349005,30
12348444,12350627,15
12348444,12349651,18
12348444,12351196,20
12348444,12349968,21
12348444,12350265,13
12348444,12351082,31
12348444,12342376,14
12348444,12349989,20
12348444,12351272,31
12348444,12351315,17
12348444,12347928,8
12348444,12351049,15
12348444,12349009,12
12348444,12351024,9
12348444,12350358,20
12348444,12351769,24
12348444,12350501,37
12348444,12348896,29
12348444,12349842,37
12348444,12350103,39
12348444,12349706,31
12348444,12337737,35
12348444,12346603,28
12348444,12350687,33
12348444,12348803,34
12348444,12350757,45
12348444,12345730,30
12348444,12348335,44
12348444,12347871,22
12348444,12350758,29
12348444,12349553,26
12348444,12350656,45
12348444,12338526,43
12348444,12348665,19
12348444,12350684,33
12348444,12347260,43
12348444,12348709,23
12348444,12332932,33
12348444,12345229,12
12348444,12350492,22
12348444,12346752,18
12348444,12349283,31
12348444,12339545,17
12348444,12350842,26
12348444,12351426,41
12348444,12348694,32
12348444,12350468,18
12348444,Depot,20
12350840,12351217,58
12350840,12348192,55
12350840,12349057,52
12350840,12349516,59
12350840,12343415,67
12350840,12351488,64
12350840,12350135,61
12350840,12345328,15
12350840,12348444,6
12350840,12350818,11
12350840,12350484,22
12350840,12308520,17
12350840,12349005,29
12350840,12350627,11
12350840,12349651,14
12350840,12351196,17
12350840,12349968,18
12350840,12350265,9
12350840,12351082,30
12350840,12342376,13
12350840,12349989,16
12350840,12351272,29
12350840,12351315,16
12350840,12347928,4
12350840,12351049,13
12350840,12349009,10
12350840,12351024,8
12350840,12350358,17
12350840,12351769,21
12350840,12350501,35
12350840,12348896,23
12350840,12349842,34
12350840,12350103,38
12350840,12349706,30
12350840,12337737,32
12350840,12346603,25
12350840,12350687,25
12350840,12348803,30
12350840,12350757,41
12350840,12345730,29
12350840,12348335,40
12350840,12347871,18
12350840,12350758,28
12350840,12349553,23
12350840,12350656,41
12350840,12338526,39
12350840,12348665,15
12350840,12350684,29
12350840,12347260,41
12350840,12348709,20
12350840,12332932,35
12350840,12345229,11
12350840,12350492,21
12350840,12346752,20
12350840,12349283,29
12350840,12339545,20
12350840,12350842,24
12350840,12351426,39
12350840,12348694,31
12350840,12350468,15
12350840,Depot,17
12350818,12351217,68
12350818,12348192,66
12350818,12349057,63
12350818,12349516,69
12350818,12343415,76
12350818,12351488,73
12350818,12350135,69
12350818,12345328,15
12350818,12348444,9
12350818,12350840,12
12350818,12350484,31
12350818,12308520,27
12350818,12349005,40
12350818,12350627,19
12350818,12349651,22
12350818,12351196,22
12350818,12349968,26
12350818,12350265,16
12350818,12351082,36
12350818,12342376,13
12350818,12349989,27
12350818,12351272,38
12350818,12351315,16
12350818,12347928,13
12350818,12351049,14
12350818,12349009,17
12350818,12351024,12
12350818,12350358,32
12350818,12351769,30
12350818,12350501,48
12350818,12348896,32
12350818,12349842,43
12350818,12350103,51
12350818,12349706,36
12350818,12337737,40
12350818,12346603,34
12350818,12350687,34
12350818,12348803,39
12350818,12350757,50
12350818,12345730,38
12350818,12348335,57
12350818,12347871,27
12350818,12350758,37
12350818,12349553,32
12350818,12350656,50
12350818,12338526,48
12350818,12348665,22
12350818,12350684,39
12350818,12347260,59
12350818,12348709,31
12350818,12332932,36
12350818,12345229,17
12350818,12350492,24
12350818,12346752,19
12350818,12349283,36
12350818,12339545,13
12350818,12350842,31
12350818,12351426,50
12350818,12348694,46
12350818,12350468,21
12350818,Depot,23
12350484,12351217,44
12350484,12348192,43
12350484,12349057,39
12350484,12349516,45
12350484,12343415,53
12350484,12351488,50
12350484,12350135,47
12350484,12345328,24
12350484,12348444,25
12350484,12350840,22
12350484,12350818,30
12350484,12308520,8
12350484,12349005,17
12350484,12350627,14
12350484,12349651,14
12350484,12351196,13
12350484,12349968,12
12350484,12350265,16
12350484,12351082,23
12350484,12342376,22
12350484,12349989,8
12350484,12351272,14
12350484,12351315,21
12350484,12347928,19
12350484,12351049,20
12350484,12349009,20
12350484,12351024,22
12350484,12350358,10
12350484,12351769,8
12350484,12350501,28
12350484,12348896,9
12350484,12349842,20
12350484,12350103,26
12350484,12349706,22
12350484,12337737,18
12350484,12346603,11
12350484,12350687,10
12350484,12348803,16
12350484,12350757,27
12350484,12345730,14
12350484,12348335,43
12350484,12347871,9
12350484,12350758,13
12350484,12349553,5
12350484,12350656,27
12350484,12338526,25
12350484,12348665,9
12350484,12350684,15
12350484,12347260,45
12350484,12348709,7
12350484,12332932,40
12350484,12345229,30
12350484,12350492,38
12350484,12346752,38
12350484,12349283,28
12350484,12339545,41
12350484,12350842,25
12350484,12351426,32
12350484,12348694,23
12350484,12350468,9
12350484,Depot,9
12308520,12351217,45
12308520,12348192,43
12308520,12349057,40
12308520,12349516,46
12308520,12343415,53
12308520,12351488,51
12308520,12350135,47
12308520,12345328,21
12308520,12348444,22
12308520,12350840,17
12308520,12350818,28
12308520,12350484,8
12308520,12349005,16
12308520,12350627,10
12308520,12349651,11
12308520,12351196,10
12308520,12349968,10
12308520,12350265,9
12308520,12351082,23
12308520,12342376,19
12308520,12349989,2
12308520,12351272,13
12308520,12351315,16
12308520,12347928,14
12308520,12351049,17
12308520,12349009,14
12308520,12351024,17
12308520,12350358,5
12308520,12351769,10
12308520,12350501,27
12308520,12348896,8
12308520,12349842,20
12308520,12350103,27
12308520,12349706,21
12308520,12337737,18
12308520,12346603,11
12308520,12350687,9
12308520,12348803,16
12308520,12350757,27
12308520,12345730,13
12308520,12348335,44
12308520,12347871,8
12308520,12350758,12
12308520,12349553,9
12308520,12350656,27
12308520,12338526,26
12308520,12348665,3
12308520,12350684,16
12308520,12347260,44
12308520,12348709,5
12308520,12332932,36
12308520,12345229,24
12308520,12350492,33
12308520,12346752,32
12308520,12349283,28
12308520,12339545,34
12308520,12350842,23
12308520,12351426,32
12308520,12348694,22
12308520,12350468,4
12308520,Depot,4
12349005,12351217,42
12349005,12348192,46
12349005,12349057,42
12349005,12349516,43
12349005,12343415,56
12349005,12351488,53
12349005,12350135,50
12349005,12345328,34
12349005,12348444,31
12349005,12350840,29
12349005,12350818,41
12349005,12350484,16
12349005,12308520,15
12349005,12350627,23
12349005,12349651,24
12349005,12351196,23
12349005,12349968,23
12349005,12350265,22
12349005,12351082,17
12349005,12342376,32
12349005,12349989,14
12349005,12351272,3
12349005,12351315,28
12349005,12347928,26
12349005,12351049,29
12349005,12349009,21
12349005,12351024,30
12349005,12350358,12
12349005,12351769,20
12349005,12350501,24
12349005,12348896,8
12349005,12349842,13
12349005,12350103,16
12349005,12349706,8
12349005,12337737,18
12349005,12346603,12
12349005,12350687,10
12349005,12348803,16
12349005,12350757,32
12349005,12345730,2
12349005,12348335,26
12349005,12347871,22
12349005,12350758,5
12349005,12349553,17
12349005,12350656,35
12349005,12338526,30
12349005,12348665,16
12349005,12350684,15
12349005,12347260,27
12349005,12348709,11
12349005,12332932,37
12349005,12345229,27
12349005,12350492,35
12349005,12346752,35
12349005,12349283,23
12349005,12339545,40
12349005,12350842,21
12349005,12351426,31
12349005,12348694,10
12349005,12350468,17
12349005,Depot,17
12350627,12351217,51
12350627,12348192,49
12350627,12349057,46
12350627,12349516,52
12350627,12343415,59
12350627,12351488,57
12350627,12350135,53
12350627,12345328,12
12350627,12348444,14
12350627,12350840,11
12350627,12350818,19
12350627,12350484,14
12350627,12308520,10
12350627,12349005,24
12350627,12349651,5
12350627,12351196,8
12350627,12349968,10
12350627,12350265,8
12350627,12351082,30
12350627,12342376,10
12350627,12349989,10
12350627,12351272,21
12350627,12351315,7
12350627,12347928,8
12350627,12351049,8
12350627,12349009,11
12350627,12351024,11
12350627,12350358,16
12350627,12351769,13
12350627,12350501,34
12350627,12348896,15
12350627,12349842,26
12350627,12350103,33
12350627,12349706,28
12350627,12337737,24
12350627,12346603,17
12350627,12350687,17
12350627,12348803,23
12350627,12350757,33
12350627,12345730,22
12350627,12348335,42
12350627,12347871,11
12350627,12350758,21
12350627,12349553,17
12350627,12350656,33
12350627,12338526,32
12350627,12348665,10
12350627,12350684,22
12350627,12347260,41
12350627,12348709,14
12350627,12332932,44
12350627,12345229,18
12350627,12350492,30
12350627,12346752,27
12350627,12349283,34
12350627,12339545,27
12350627,12350842,24
12350627,12351426,38
12350627,12348694,32
12350627,12350468,9
12350627,Depot,11
12349651,12351217,51
12349651,12348192,50
12349651,12349057,46
12349651,12349516,52
12349651,12343415,60
12349651,12351488,57
12349651,12350135,54
12349651,12345328,13
12349651,12348444,18
12349651,12350840,14
12349651,12350818,22
12349651,12350484,15
12349651,12308520,11
12349651,12349005,24
12349651,12350627,5
12349651,12351196,4
12349651,12349968,7
12349651,12350265,9
12349651,12351082,30
12349651,12342376,11
12349651,12349989,10
12349651,12351272,22
12349651,12351315,7
12349651,12347928,11
12349651,12351049,9
12349651,12349009,14
12349651,12351024,15
12349651,12350358,17
12349651,12351769,10
12349651,12350501,34
12349651,12348896,16
12349651,12349842,27
12349651,12350103,33
12349651,12349706,36
12349651,12337737,25
12349651,12346603,18
12349651,12350687,18
12349651,12348803,23
12349651,12350757,34
12349651,12345730,22
12349651,12348335,50
12349651,12347871,7
12349651,12350758,22
12349651,12349553,14
12349651,12350656,37
12349651,12338526,32
12349651,12348665,11
12349651,12350684,22
12349651,12347260,51
12349651,12348709,15
12349651,12332932,46
12349651,12345229,21
12349651,12350492,36
12349651,12346752,31
12349651,12349283,34
12349651,12339545,30
12349651,12350842,32
12349651,12351426,39
12349651,12348694,30
12349651,12350468,10
12349651,Depot,11
12351196,12351217,50
12351196,12348192,49
12351196,12349057,45
12351196,12349516,51
12351196,12343415,59
12351196,12351488,56
12351196,12350135,53
12351196,12345328,13
12351196,12348444,20
12351196,12350840,17
12351196,12350818,22
12351196,12350484,14
12351196,12308520,10
12351196,12349005,23
12351196,12350627,8
12351196,12349651,4
12351196,12349968,4
12351196,12350265,11
12351196,12351082,29
12351196,12342376,11
12351196,12349989,9
12351196,12351272,20
12351196,12351315,8
12351196,12347928,14
12351196,12351049,10
12351196,12349009,16
12351196,12351024,17
12351196,12350358,16
12351196,12351769,9
12351196,12350501,33
12351196,12348896,15
12351196,12349842,26
12351196,12350103,32
12351196,12349706,35
12351196,12337737,30
12351196,12346603,17
12351196,12350687,16
12351196,12348803,29
12351196,12350757,40
12351196,12345730,21
12351196,12348335,49
12351196,12347871,6
12351196,12350758,20
12351196,12349553,13
12351196,12350656,40
12351196,12338526,42
12351196,12348665,10
12351196,12350684,21
12351196,12347260,50
12351196,12348709,13
12351196,12332932,45
12351196,12345229,24
12351196,12350492,36
12351196,12346752,33
12351196,12349283,33
12351196,12339545,33
12351196,12350842,31
12351196,12351426,38
12351196,12348694,33
12351196,12350468,9
12351196,Depot,10
12349968,12351217,50
12349968,12348192,49
12349968,12349057,46
12349968,12349516,52
12349968,12343415,59
12349968,12351488,57
12349968,12350135,53
12349968,12345328,17
12349968,12348444,21
12349968,12350840,18
12349968,12350818,26
12349968,12350484,13
12349968,12308520,10
12349968,12349005,24
12349968,12350627,10
12349968,12349651,7
12349968,12351196,4
12349968,12350265,12
12349968,12351082,29
12349968,12342376,15
12349968,12349989,10
12349968,12351272,21
12349968,12351315,12
12349968,12347928,14
12349968,12351049,14
12349968,12349009,17
12349968,12351024,18
12349968,12350358,16
12349968,12351769,6
12349968,12350501,33
12349968,12348896,15
12349968,12349842,26
12349968,12350103,33
12349968,12349706,30
12349968,12337737,24
12349968,12346603,17
12349968,12350687,17
12349968,12348803,22
12349968,12350757,33
12349968,12345730,21
12349968,12348335,49
12349968,12347871,4
12349968,12350758,21
12349968,12349553,10
12349968,12350656,36
12349968,12338526,32
12349968,12348665,10
12349968,12350684,22
12349968,12347260,50
12349968,12348709,14
12349968,12332932,45
12349968,12345229,24
12349968,12350492,37
12349968,12346752,34
12349968,12349283,33
12349968,12339545,33
12349968,12350842,31
12349968,12351426,38
12349968,12348694,30
12349968,12350468,9
12349968,Depot,11
12350265,12351217,55
12350265,12348192,52
12350265,12349057,48
12350265,12349516,56
12350265,12343415,63
12350265,12351488,60
12350265,12350135,57
12350265,12345328,16
12350265,12348444,13
12350265,12350840,9
12350265,12350818,16
12350265,12350484,16
12350265,12308520,9
12350265,12349005,22
12350265,12350627,8
12350265,12349651,9
12350265,12351196,11
12350265,12349968,12
12350265,12351082,24
12350265,12342376,14
12350265,12349989,8
12350265,12351272,16
12350265,12351315,13
12350265,12347928,6
12350265,12351049,12
12350265,12349009,7
12350265,12351024,10
12350265,12350358,8
12350265,12351769,15
12350265,12350501,38
12350265,12348896,15
12350265,12349842,28
12350265,12350103,32
12350265,12349706,23
12350265,12337737,26
12350265,12346603,19
12350265,12350687,19
12350265,12348803,24
12350265,12350757,35
12350265,12345730,17
12350265,12348335,46
12350265,12347871,13
12350265,12350758,20
12350265,12349553,17
12350265,12350656,35
12350265,12338526,34
12350265,12348665,7
12350265,12350684,24
12350265,12347260,38
12350265,12348709,12
12350265,12332932,35
12350265,12345229,16
12350265,12350492,24
12350265,12346752,24
12350265,12349283,35
12350265,12339545,25
12350265,12350842,18
12350265,12351426,34
12350265,12348694,34
12350265,12350468,7
12350265,Depot,10
12351082,12351217,39
12351082,12348192,45
12351082,12349057,54
12351082,12349516,40
12351082,12343415,52
12351082,12351488,65
12351082,12350135,61
12351082,12345328,41
12351082,12348444,31
12351082,12350840,30
12351082,12350818,36
12351082,12350484,24
12351082,12308520,23
12351082,12349005,16
12351082,12350627,30
12351082,12349651,30
12351082,12351196,29
12351082,12349968,29
12351082,12350265,24
12351082,12342376,38
12351082,12349989,22
12351082,12351272,17
12351082,12351315,35
12351082,12347928,28
12351082,12351049,35
12351082,12349009,22
12351082,12351024,32
12351082,12350358,19
12351082,12351769,27
12351082,12350501,17
12351082,12348896,17
12351082,12349842,25
12351082,12350103,26
12351082,12349706,14
12351082,12337737,31
12351082,12346603,24
12351082,12350687,21
12351082,12348803,30
12351082,12350757,41
12351082,12345730,16
12351082,12348335,21
12351082,12347871,28
12351082,12350758,15
12351082,12349553,24
12351082,12350656,44
12351082,12338526,40
12351082,12348665,24
12351082,12350684,26
12351082,12347260,22
12351082,12348709,21
12351082,12332932,31
12351082,12345229,28
12351082,12350492,30
12351082,12346752,36
12351082,12349283,17
12351082,12339545,41
12351082,12350842,15
12351082,12351426,24
12351082,12348694,19
12351082,12350468,24
12351082,Depot,26
12342376,12351217,59
12342376,12348192,57
12342376,12349057,54
12342376,12349516,60
12342376,12343415,68
12342376,12351488,65
12342376,12350135,62
12342376,12345328,3
12342376,12348444,14
12342376,12350840,13
12342376,12350818,13
12342376,12350484,24
12342376,12308520,19
12342376,12349005,32
12342376,12350627,10
12342376,12349651,11
12342376,12351196,11
12342376,12349968,15
12342376,12350265,14
12342376,12351082,38
12342376,12349989,19
12342376,12351272,29
12342376,12351315,6
12342376,12347928,13
12342376,12351049,6
12342376,12349009,19
12342376,12351024,12
12342376,12350358,24
12342376,12351769,19
12342376,12350501,42
12342376,12348896,24
12342376,12349842,34
12342376,12350103,41
12342376,12349706,37
12342376,12337737,36
12342376,12346603,29
12342376,12350687,25
12342376,12348803,53
12342376,12350757,46
12342376,12345730,30
12342376,12348335,49
12342376,12347871,16
12342376,12350758,29
12342376,12349553,23
12342376,12350656,48
12342376,12338526,44
12342376,12348665,18
12342376,12350684,34
12342376,12347260,50
12342376,12348709,22
12342376,12332932,54
12342376,12345229,20
12342376,12350492,40
12342376,12346752,34
12342376,12349283,42
12342376,12339545,23
12342376,12350842,31
12342376,12351426,47
12342376,12348694,42
12342376,12350468,16
12342376,Depot,19
12349989,12351217,44
12349989,12348192,43
12349989,12349057,39
12349989,12349516,45
12349989,12343415,53
12349989,12351488,50
12349989,12350135,47
12349989,12345328,20
12349989,12348444,19
12349989,12350840,16
12349989,12350818,27
12349989,12350484,8
12349989,12308520,2
12349989,12349005,15
12349989,12350627,10
12349989,12349651,11
12349989,12351196,10
12349989,12349968,10
12349989,12350265,8
12349989,12351082,22
12349989,12342376,18
12349989,12351272,12
12349989,12351315,16
12349989,12347928,13
12349989,12351049,16
12349989,12349009,12
12349989,12351024,16
12349989,12350358,4
12349989,12351769,9
12349989,12350501,27
12349989,12348896,8
12349989,12349842,20
12349989,12350103,26
12349989,12349706,20
12349989,12337737,18
12349989,12346603,11
12349989,12350687,9
12349989,12348803,16
12349989,12350757,27
12349989,12345730,12
12349989,12348335,43
12349989,12347871,7
12349989,12350758,11
12349989,12349553,9
12349989,12350656,27
12349989,12338526,25
12349989,12348665,2
12349989,12350684,15
12349989,12347260,44
12349989,12348709,5
12349989,12332932,34
12349989,12345229,22
12349989,12350492,30
12349989,12346752,29
12349989,12349283,27
12349989,12339545,33
12349989,12350842,20
12349989,12351426,32
12349989,12348694,21
12349989,12350468,4
12349989,Depot,3
12351272,12351217,46
12351272,12348192,44
12351272,12349057,41
12351272,12349516,47
12351272,12343415,54
12351272,12351488,52
12351272,12350135,48
12351272,12345328,32
12351272,12348444,31
12351272,12350840,30
12351272,12350818,38
12351272,12350484,14
12351272,12308520,13
12351272,12349005,3
12351272,12350627,21
12351272,12349651,22
12351272,12351196,21
12351272,12349968,21
12351272,12350265,16
12351272,12351082,17
12351272,12342376,29
12351272,12349989,12
12351272,12351315,34
12351272,12347928,26
12351272,12351049,27
12351272,12349009,19
12351272,12351024,29
12351272,12350358,9
12351272,12351769,18
12351272,12350501,26
12351272,12348896,5
12351272,12349842,13
12351272,12350103,18
12351272,12349706,11
12351272,12337737,17
12351272,12346603,9
12351272,12350687,7
12351272,12348803,16
12351272,12350757,27
12351272,12345730,2
12351272,12348335,28
12351272,12347871,20
12351272,12350758,3
12351272,12349553,14
12351272,12350656,29
12351272,12338526,25
12351272,12348665,14
12351272,12350684,14
12351272,12347260,30
12351272,12348709,9
12351272,12332932,37
12351272,12345229,28
12351272,12350492,35
12351272,12346752,36
12351272,12349283,24
12351272,12339545,41
12351272,12350842,21
12351272,12351426,31
12351272,12348694,12
12351272,12350468,14
12351272,Depot,15
12351315,12351217,66
12351315,12348192,65
12351315,12349057,62
12351315,12349516,68
12351315,12343415,75
12351315,12351488,73
12351315,12350135,69
12351315,12345328,8
12351315,12348444,17
12351315,12350840,16
12351315,12350818,16
12351315,12350484,21
12351315,12308520,16
12351315,12349005,29
12351315,12350627,7
12351315,12349651,7
12351315,12351196,8
12351315,12349968,12
12351315,12350265,13
12351315,12351082,35
12351315,12342376,6
12351315,12349989,16
12351315,12351272,34
12351315,12347928,13
12351315,12351049,6
12351315,12349009,24
12351315,12351024,15
12351315,12350358,22
12351315,12351769,16
12351315,12350501,39
12351315,12348896,21
12351315,12349842,51
12351315,12350103,58
12351315,12349706,60
12351315,12337737,62
12351315,12346603,23
12351315,12350687,23
12351315,12348803,28
12351315,12350757,44
12351315,12345730,35
12351315,12348335,48
12351315,12347871,13
12351315,12350758,34
12351315,12349553,20
12351315,12350656,44
12351315,12338526,46
12351315,12348665,16
12351315,12350684,28
12351315,12347260,51
12351315,12348709,27
12351315,12332932,55
12351315,12345229,31
12351315,12350492,42
12351315,12346752,36
12351315,12349283,43
12351315,12339545,35
12351315,12350842,30
12351315,12351426,44
12351315,12348694,58
12351315,12350468,15
12351315,Depot,17
12347928,12351217,55
12347928,12348192,53
12347928,12349057,50
12347928,12349516,65
12347928,12343415,64
12347928,12351488,61
12347928,12350135,58
12347928,12345328,15
12347928,12348444,8
12347928,12350840,4
12347928,12350818,13
12347928,12350484,19
12347928,12308520,14
12347928,12349005,25
12347928,12350627,8
12347928,12349651,11
12347928,12351196,13
12347928,12349968,14
12347928,12350265,6
12347928,12351082,28
12347928,12342376,13
12347928,12349989,13
12347928,12351272,25
12347928,12351315,13
12347928,12351049,12
12347928,12349009,8
12347928,12351024,6
12347928,12350358,13
12347928,12351769,17
12347928,12350501,33
12347928,12348896,20
12347928,12349842,30
12347928,12350103,34
12347928,12349706,26
12347928,12337737,28
12347928,12346603,21
12347928,12350687,21
12347928,12348803,27
12347928,12350757,38
12347928,12345730,25
12347928,12348335,38
12347928,12347871,15
12347928,12350758,24
12347928,12349553,19
12347928,12350656,38
12347928,12338526,36
12347928,12348665,12
12347928,12350684,26
12347928,12347260,39
12347928,12348709,16
12347928,12332932,34
12347928,12345229,11
12347928,12350492,21
12347928,12346752,20
12347928,12349283,27
12347928,12339545,20
12347928,12350842,22
12347928,12351426,37
12347928,12348694,27
12347928,12350468,11
12347928,Depot,14
12351049,12351217,57
12351049,12348192,55
12351049,12349057,52
12351049,12349516,59
12351049,12343415,66
12351049,12351488,64
12351049,12350135,60
12351049,12345328,7
12351049,12348444,13
12351049,12350840,12
12351049,12350818,12
12351049,12350484,21
12351049,12308520,17
12351049,12349005,31
12351049,12350627,8
12351049,12349651,9
12351049,12351196,10
12351049,12349968,14
12351049,12350265,12
12351049,12351082,36
12351049,12342376,5
12351049,12349989,17
12351049,12351272,28
12351049,12351315,5
12351049,12347928,12
12351049,12349009,16
12351049,12351024,11
12351049,12350358,22
12351049,12351769,17
12351049,12350501,40
12351049,12348896,22
12351049,12349842,33
12351049,12350103,40
12351049,12349706,35
12351049,12337737,30
12351049,12346603,23
12351049,12350687,24
12351049,12348803,29
12351049,12350757,40
12351049,12345730,28
12351049,12348335,47
12351049,12347871,14
12351049,12350758,28
12351049,12349553,21
12351049,12350656,42
12351049,12338526,38
12351049,12348665,15
12351049,12350684,28
12351049,12347260,48
12351049,12348709,21
12351049,12332932,52
12351049,12345229,19
12351049,12350492,38
12351049,12346752,32
12351049,12349283,40
12351049,12339545,22
12351049,12350842,29
12351049,12351426,45
12351049,12348694,40
12351049,12350468,14
12351049,Depot,17
12349009,12351217,59
12349009,12348192,52
12349009,12349057,49
12349009,12349516,60
12349009,12343415,64
12349009,12351488,61
12349009,12350135,62
12349009,12345328,21
12349009,12348444,12
12349009,12350840,11
12349009,12350818,18
12349009,12350484,20
12349009,12308520,13
12349009,12349005,20
12349009,12350627,11
12349009,12349651,14
12349009,12351196,16
12349009,12349968,17
12349009,12350265,7
12349009,12351082,21
12349009,12342376,19
12349009,12349989,12
12349009,12351272,19
12349009,12351315,24
12349009,12347928,8
12349009,12351049,16
12349009,12351024,13
12349009,12350358,11
12349009,12351769,19
12349009,12350501,27
12349009,12348896,16
12349009,12349842,27
12349009,12350103,29
12349009,12349706,21
12349009,12337737,29
12349009,12346603,22
12349009,12350687,20
12349009,12348803,27
12349009,12350757,42
12349009,12345730,19
12349009,12348335,32
12349009,12347871,17
12349009,12350758,18
12349009,12349553,21
12349009,12350656,44
12349009,12338526,40
12349009,12348665,12
12349009,12350684,27
12349009,12347260,33
12349009,12348709,15
12349009,12332932,29
12349009,12345229,11
12349009,12350492,19
12349009,12346752,19
12349009,12349283,21
12349009,12339545,24
12349009,12350842,16
12349009,12351426,31
12349009,12348694,22
12349009,12350468,11
12349009,Depot,14
12351024,12351217,59
12351024,12348192,57
12351024,12349057,54
12351024,12349516,60
12351024,12343415,67
12351024,12351488,65
12351024,12350135,61
12351024,12345328,14
12351024,12348444,9
12351024,12350840,8
12351024,12350818,12
12351024,12350484,23
12351024,12308520,17
12351024,12349005,29
12351024,12350627,11
12351024,12349651,15
12351024,12351196,17
12351024,12349968,18
12351024,12350265,10
12351024,12351082,32
12351024,12342376,12
12351024,12349989,16
12351024,12351272,29
12351024,12351315,15
12351024,12347928,6
12351024,12351049,13
12351024,12349009,13
12351024,12350358,17
12351024,12351769,21
12351024,12350501,37
12351024,12348896,23
12351024,12349842,34
12351024,12350103,43
12351024,12349706,30
12351024,12337737,32
12351024,12346603,25
12351024,12350687,25
12351024,12348803,31
12351024,12350757,42
12351024,12345730,29
12351024,12348335,48
12351024,12347871,19
12351024,12350758,28
12351024,12349553,23
12351024,12350656,42
12351024,12338526,40
12351024,12348665,16
12351024,12350684,30
12351024,12347260,51
12351024,12348709,20
12351024,12332932,40
12351024,12345229,15
12351024,12350492,25
12351024,12346752,25
12351024,12349283,31
12351024,12339545,22
12351024,12350842,26
12351024,12351426,46
12351024,12348694,37
12351024,12350468,15
12351024,Depot,17
12350358,12351217,46
12350358,12348192,45
12350358,12349057,41
12350358,12349516,47
12350358,12343415,55
12350358,12351488,52
12350358,12350135,49
12350358,12345328,26
12350358,12348444,20
12350358,12350840,17
12350358,12350818,32
12350358,12350484,9
12350358,12308520,5
12350358,12349005,12
12350358,12350627,16
12350358,12349651,17
12350358,12351196,16
12350358,12349968,16
12350358,12350265,8
12350358,12351082,19
12350358,12342376,24
12350358,12349989,4
12350358,12351272,9
12350358,12351315,22
12350358,12347928,13
12350358,12351049,22
12350358,12349009,11
12350358,12351024,17
12350358,12351769,14
12350358,12350501,30
12350358,12348896,7
12350358,12349842,18
12350358,12350103,25
12350358,12349706,17
12350358,12337737,20
12350358,12346603,13
12350358,12350687,11
12350358,12348803,19
12350358,12350757,30
12350358,12345730,10
12350358,12348335,30
12350358,12347871,15
12350358,12350758,9
12350358,12349553,10
12350358,12350656,32
12350358,12338526,28
12350358,12348665,6
12350358,12350684,18
12350358,12347260,31
12350358,12348709,6
12350358,12332932,31
12350358,12345229,21
12350358,12350492,29
12350358,12346752,29
12350358,12349283,30
12350358,12339545,33
12350358,12350842,18
12350358,12351426,35
12350358,12348694,18
12350358,12350468,7
12350358,Depot,7
12351769,12351217,49
12351769,12348192,47
12351769,12349057,44
12351769,12349516,50
12351769,12343415,57
12351769,12351488,55
12351769,12350135,51
12351769,12345328,21
12351769,12348444,24
12351769,12350840,21
12351769,12350818,30
12351769,12350484,9
12351769,12308520,10
12351769,12349005,21
12351769,12350627,13
12351769,12349651,10
12351769,12351196,9
12351769,12349968,6
12351769,12350265,15
12351769,12351082,28
12351769,12342376,19
12351769,12349989,9
12351769,12351272,18
12351769,12351315,16
12351769,12347928,18
12351769,12351049,17
12351769,12349009,19
12351769,12351024,21
12351769,12350358,14
12351769,12350501,32
12351769,12348896,13
12351769,12349842,24
12351769,12350103,31
12351769,12349706,26
12351769,12337737,20
12351769,12346603,15
12351769,12350687,15
12351769,12348803,20
12351769,12350757,32
12351769,12345730,19
12351769,12348335,48
12351769,12347871,4
12351769,12350758,18
12351769,12349553,6
12351769,12350656,32
12351769,12338526,31
12351769,12348665,10
12351769,12350684,20
12351769,12347260,48
12351769,12348709,11
12351769,12332932,44
12351769,12345229,28
12351769,12350492,36
12351769,12346752,36
12351769,12349283,32
12351769,12339545,37
12351769,12350842,30
12351769,12351426,37
12351769,12348694,28
12351769,12350468,9
12351769,Depot,10
12350501,12351217,36
12350501,12348192,57
12350501,12349057,54
12350501,12349516,40
12350501,12343415,37
12350501,12351488,50
12350501,12350135,45
12350501,12345328,45
12350501,12348444,37
12350501,12350840,36
12350501,12350818,48
12350501,12350484,27
12350501,12308520,28
12350501,12349005,24
12350501,12350627,33
12350501,12349651,34
12350501,12351196,33
12350501,12349968,33
12350501,12350265,38
12350501,12351082,17
12350501,12342376,42
12350501,12349989,28
12350501,12351272,26
12350501,12351315,39
12350501,12347928,33
12350501,12351049,39
12350501,12349009,27
12350501,12351024,37
12350501,12350358,30
12350501,12351769,31
12350501,12348896,27
12350501,12349842,25
12350501,12350103,26
12350501,12349706,15
12350501,12337737,31
12350501,12346603,29
12350501,12350687,28
12350501,12348803,30
12350501,12350757,43
12350501,12345730,25
12350501,12348335,9
12350501,12347871,32
12350501,12350758,24
12350501,12349553,28
12350501,12350656,46
12350501,12338526,42
12350501,12348665,29
12350501,12350684,27
12350501,12347260,9
12350501,12348709,27
12350501,12332932,22
12350501,12345229,30
12350501,12350492,26
12350501,12346752,30
12350501,12349283,12
12350501,12339545,47
12350501,12350842,16
12350501,12351426,11
12350501,12348694,19
12350501,12350468,28
12350501,Depot,29
12348896,12351217,41
12348896,12348192,40
12348896,12349057,36
12348896,12349516,42
12348896,12343415,50
12348896,12351488,47
12348896,12350135,44
12348896,12345328,26
12348896,12348444,29
12348896,12350840,22
12348896,12350818,33
12348896,12350484,9
12348896,12308520,8
12348896,12349005,8
12348896,12350627,15
12348896,12349651,16
12348896,12351196,15
12348896,12349968,15
12348896,12350265,15
12348896,12351082,17
12348896,12342376,24
12348896,12349989,8
12348896,12351272,5
12348896,12351315,21
12348896,12347928,19
12348896,12351049,22
12348896,12349009,16
12348896,12351024,23
12348896,12350358,7
12348896,12351769,12
12348896,12350501,29
12348896,12349842,14
12348896,12350103,21
12348896,12349706,14
12348896,12337737,15
12348896,12346603,7
12348896,12350687,5
12348896,12348803,13
12348896,12350757,24
12348896,12345730,6
12348896,12348335,40
12348896,12347871,14
12348896,12350758,7
12348896,12349553,9
12348896,12350656,27
12348896,12338526,22
12348896,12348665,9
12348896,12350684,12
12348896,12347260,32
12348896,12348709,3
12348896,12332932,36
12348896,12345229,26
12348896,12350492,33
12348896,12346752,34
12348896,12349283,29
12348896,12339545,39
12348896,12350842,20
12348896,12351426,33
12348896,12348694,15
12348896,12350468,10
12348896,Depot,10
12349842,12351217,37
12349842,12348192,33
12349842,12349057,30
12349842,12349516,38
12349842,12343415,46
12349842,12351488,43
12349842,12350135,40
12349842,12345328,36
12349842,12348444,38
12349842,12350840,34
12349842,12350818,43
12349842,12350484,20
12349842,12308520,20
12349842,12349005,13
12349842,12350627,26
12349842,12349651,27
12349842,12351196,26
12349842,12349968,26
12349842,12350265,31
12349842,12351082,25
12349842,12342376,34
12349842,12349989,20
12349842,12351272,13
12349842,12351315,49
12349842,12347928,31
12349842,12351049,32
12349842,12349009,27
12349842,12351024,35
12349842,12350358,18
12349842,12351769,24
12349842,12350501,25
12349842,12348896,14
12349842,12350103,8
12349842,12349706,13
12349842,12337737,10
12349842,12346603,13
12349842,12350687,13
12349842,12348803,8
12349842,12350757,22
12349842,12345730,14
12349842,12348335,27
12349842,12347871,24
12349842,12350758,15
12349842,12349553,20
12349842,12350656,24
12349842,12338526,20
12349842,12348665,22
12349842,12350684,5
12349842,12347260,29
12349842,12348709,17
12349842,12332932,51
12349842,12345229,35
12349842,12350492,43
12349842,12346752,50
12349842,12349283,34
12349842,12339545,100
12349842,12350842,29
12349842,12351426,34
12349842,12348694,9
12349842,12350468,21
12349842,Depot,21
12350103,12351217,25
12350103,12348192,31
12350103,12349057,28
12350103,12349516,29
12350103,12343415,41
12350103,12351488,35
12350103,12350135,31
12350103,12345328,44
12350103,12348444,39
12350103,12350840,38
12350103,12350818,52
12350103,12350484,27
12350103,12308520,28
12350103,12349005,16
12350103,12350627,33
12350103,12349651,34
12350103,12351196,33
12350103,12349968,33
12350103,12350265,32
12350103,12351082,26
12350103,12342376,42
12350103,12349989,27
12350103,12351272,18
12350103,12351315,57
12350103,12347928,35
12350103,12351049,40
12350103,12349009,29
12350103,12351024,44
12350103,12350358,25
12350103,12351769,31
12350103,12350501,26
12350103,12348896,21
12350103,12349842,9
12350103,12349706,14
12350103,12337737,17
12350103,12346603,20
12350103,12350687,20
12350103,12348803,16
12350103,12350757,26
12350103,12345730,19
12350103,12348335,28
12350103,12347871,32
12350103,12350758,19
12350103,12349553,28
12350103,12350656,28
12350103,12338526,23
12350103,12348665,29
12350103,12350684,13
12350103,12347260,27
12350103,12348709,24
12350103,12332932,44
12350103,12345229,39
12350103,12350492,43
12350103,12346752,47
12350103,12349283,35
12350103,12339545,110
12350103,12350842,30
12350103,12351426,34
12350103,12348694,8
12350103,12350468,28
12350103,Depot,29
12349706,12351217,33
12349706,12348192,45
12349706,12349057,42
12349706,12349516,34
12349706,12343415,47
12349706,12351488,53
12349706,12350135,49
12349706,12345328,39
12349706,12348444,31
12349706,12350840,30
12349706,12350818,36
12349706,12350484,22
12349706,12308520,21
12349706,12349005,8
12349706,12350627,28
12349706,12349651,31
12349706,12351196,35
12349706,12349968,30
12349706,12350265,23
12349706,12351082,14
12349706,12342376,36
12349706,12349989,20
12349706,12351272,11
12349706,12351315,53
12349706,12347928,27
12349706,12351049,34
12349706,12349009,21
12349706,12351024,30
12349706,12350358,18
12349706,12351769,26
12349706,12350501,15
12349706,12348896,14
12349706,12349842,13
12349706,12350103,14
12349706,12337737,19
12349706,12346603,16
12349706,12350687,16
12349706,12348803,18
12349706,12350757,31
12349706,12345730,10
12349706,12348335,17
12349706,12347871,28
12349706,12350758,11
12349706,12349553,29
12349706,12350656,34
12349706,12338526,30
12349706,12348665,22
12349706,12350684,15
12349706,12347260,19
12349706,12348709,17
12349706,12332932,34
12349706,12345229,29
12349706,12350492,33
12349706,12346752,37
12349706,12349283,24
12349706,12339545,41
12349706,12350842,19
12349706,12351426,23
12349706,12348694,7
12349706,12350468,22
12349706,Depot,22
12337737,12351217,35
12337737,12348192,34
12337737,12349057,30
12337737,12349516,36
12337737,12343415,44
12337737,12351488,41
12337737,12350135,38
12337737,12345328,33
12337737,12348444,35
12337737,12350840,31
12337737,12350818,40
12337737,12350484,17
12337737,12308520,17
12337737,12349005,18
12337737,12350627,23
12337737,12349651,24
12337737,12351196,30
12337737,12349968,23
12337737,12350265,26
12337737,12351082,31
12337737,12342376,31
12337737,12349989,17
12337737,12351272,17
12337737,12351315,50
12337737,12347928,28
12337737,12351049,29
12337737,12349009,29
12337737,12351024,32
12337737,12350358,20
12337737,12351769,19
12337737,12350501,31
12337737,12348896,14
12337737,12349842,10
12337737,12350103,17
12337737,12349706,19
12337737,12346603,10
12337737,12350687,12
12337737,12348803,2
12337737,12350757,16
12337737,12345730,18
12337737,12348335,33
12337737,12347871,22
12337737,12350758,19
12337737,12349553,17
12337737,12350656,15
12337737,12338526,13
12337737,12348665,19
12337737,12350684,6
12337737,12347260,35
12337737,12348709,15
12337737,12332932,48
12337737,12345229,39
12337737,12350492,61
12337737,12346752,47
12337737,12349283,37
12337737,12339545,52
12337737,12350842,34
12337737,12351426,40
12337737,12348694,17
12337737,12350468,18
12337737,Depot,18
12346603,12351217,37
12346603,12348192,36
12346603,12349057,33
12346603,12349516,39
12346603,12343415,46
12346603,12351488,44
12346603,12350135,40
12346603,12345328,28
12346603,12348444,29
12346603,12350840,26
12346603,12350818,35
12346603,12350484,11
12346603,12308520,11
12346603,12349005,12
12346603,12350627,17
12346603,12349651,18
12346603,12351196,17
12346603,12349968,17
12346603,12350265,19
12346603,12351082,24
12346603,12342376,26
12346603,12349989,11
12346603,12351272,9
12346603,12351315,23
12346603,12347928,22
12346603,12351049,24
12346603,12349009,22
12346603,12351024,26
12346603,12350358,13
12346603,12351769,14
12346603,12350501,31
12346603,12348896,7
12346603,12349842,13
12346603,12350103,20
12346603,12349706,14
12346603,12337737,11
12346603,12350687,3
12346603,12348803,10
12346603,12350757,20
12346603,12345730,10
12346603,12348335,37
12346603,12347871,16
12346603,12350758,10
12346603,12349553,12
12346603,12350656,20
12346603,12338526,19
12346603,12348665,13
12346603,12350684,9
12346603,12347260,38
12346603,12348709,7
12346603,12332932,42
12346603,12345229,32
12346603,12350492,49
12346603,12346752,39
12346603,12349283,31
12346603,12339545,44
12346603,12350842,26
12346603,12351426,36
12346603,12348694,13
12346603,12350468,13
12346603,Depot,13
12350687,12351217,39
12350687,12348192,38
12350687,12349057,34
12350687,12349516,40
12350687,12343415,48
12350687,12351488,45
12350687,12350135,42
12350687,12345328,27
12350687,12348444,33
12350687,12350840,25
12350687,12350818,35
12350687,12350484,10
12350687,12308520,9
12350687,12349005,10
12350687,12350627,17
12350687,12349651,18
12350687,12351196,17
12350687,12349968,17
12350687,12350265,22
12350687,12351082,21
12350687,12342376,25
12350687,12349989,9
12350687,12351272,7
12350687,12351315,23
12350687,12347928,22
12350687,12351049,23
12350687,12349009,20
12350687,12351024,26
12350687,12350358,11
12350687,12351769,14
12350687,12350501,30
12350687,12348896,5
12350687,12349842,13
12350687,12350103,19
12350687,12349706,14
12350687,12337737,12
12350687,12346603,3
12350687,12348803,11
12350687,12350757,22
12350687,12345730,8
12350687,12348335,38
12350687,12347871,16
12350687,12350758,9
12350687,12349553,11
12350687,12350656,24
12350687,12338526,20
12350687,12348665,11
12350687,12350684,9
12350687,12347260,40
12350687,12348709,5
12350687,12332932,40
12350687,12345229,30
12350687,12350492,37
12350687,12346752,38
12350687,12349283,30
12350687,12339545,43
12350687,12350842,24
12350687,12351426,35
12350687,12348694,13
12350687,12350468,12
12350687,Depot,12
12348803,12351217,34
12348803,12348192,32
12348803,12349057,29
12348803,12349516,35
12348803,12343415,42
12348803,12351488,40
12348803,12350135,36
12348803,12345328,32
12348803,12348444,33
12348803,12350840,30
12348803,12350818,39
12348803,12350484,15
12348803,12308520,16
12348803,12349005,16
12348803,12350627,21
12348803,12349651,22
12348803,12351196,21
12348803,12349968,21
12348803,12350265,24
12348803,12351082,29
12348803,12342376,50
12348803,12349989,16
12348803,12351272,15
12348803,12351315,27
12348803,12347928,26
12348803,12351049,28
12348803,12349009,28
12348803,12351024,30
12348803,12350358,19
12348803,12351769,19
12348803,12350501,30
12348803,12348896,13
12348803,12349842,8
12348803,12350103,15
12348803,12349706,18
12348803,12337737,2
12348803,12346603,9
12348803,12350687,11
12348803,12350757,18
12348803,12345730,16
12348803,12348335,32
12348803,12347871,20
12348803,12350758,17
12348803,12349553,16
12348803,12350656,18
12348803,12338526,16
12348803,12348665,17
12348803,12350684,4
12348803,12347260,33
12348803,12348709,13
12348803,12332932,47
12348803,12345229,38
12348803,12350492,45
12348803,12346752,45
12348803,12349283,35
12348803,12339545,45
12348803,12350842,32
12348803,12351426,38
12348803,12348694,15
12348803,12350468,17
12348803,Depot,17
12350757,12351217,30
12350757,12348192,27
12350757,12349057,24
12350757,12349516,31
12350757,12343415,38
12350757,12351488,36
12350757,12350135,32
12350757,12345328,43
12350757,12348444,44
12350757,12350840,41
12350757,12350818,50
12350757,12350484,26
12350757,12308520,27
12350757,12349005,31
12350757,12350627,32
12350757,12349651,33
12350757,12351196,40
12350757,12349968,32
12350757,12350265,35
12350757,12351082,42
12350757,12342376,41
12350757,12349989,27
12350757,12351272,26
12350757,12351315,40
12350757,12347928,37
12350757,12351049,39
12350757,12349009,42
12350757,12351024,41
12350757,12350358,30
12350757,12351769,30
12350757,12350501,43
12350757,12348896,24
12350757,12349842,21
12350757,12350103,26
12350757,12349706,30
12350757,12337737,16
12350757,12346603,20
12350757,12350687,22
12350757,12348803,18
12350757,12345730,30
12350757,12348335,45
12350757,12347871,31
12350757,12350758,29
12350757,12349553,28
12350757,12350656,3
12350757,12338526,5
12350757,12348665,28
12350757,12350684,17
12350757,12347260,46
12350757,12348709,24
12350757,12332932,58
12350757,12345229,59
12350757,12350492,67
12350757,12346752,67
12350757,12349283,46
12350757,12339545,63
12350757,12350842,43
12350757,12351426,51
12350757,12348694,28
12350757,12350468,28
12350757,Depot,28
12345730,12351217,47
12345730,12348192,45
12345730,12349057,42
12345730,12349516,48
12345730,12343415,55
12345730,12351488,53
12345730,12350135,49
12345730,12345328,32
12345730,12348444,30
12345730,12350840,29
12345730,12350818,39
12345730,12350484,14
12345730,12308520,13
12345730,12349005,3
12345730,12350627,22
12345730,12349651,22
12345730,12351196,21
12345730,12349968,21
12345730,12350265,17
12345730,12351082,16
12345730,12342376,30
12345730,12349989,12
12345730,12351272,2
12345730,12351315,47
12345730,12347928,25
12345730,12351049,28
12345730,12349009,19
12345730,12351024,29
12345730,12350358,10
12345730,12351769,18
12345730,12350501,25
12345730,12348896,6
12345730,12349842,14
12345730,12350103,19
12345730,12349706,10
12345730,12337737,18
12345730,12346603,10
12345730,12350687,8
12345730,12348803,16
12345730,12350757,27
12345730,12348335,27
12345730,12347871,20
12345730,12350758,3
12345730,12349553,15
12345730,12350656,33
12345730,12338526,29
12345730,12348665,14
12345730,12350684,15
12345730,12347260,27
12345730,12348709,9
12345730,12332932,36
12345730,12345229,27
12345730,12350492,34
12345730,12346752,35
12345730,12349283,23
12345730,12339545,40
12345730,12350842,21
12345730,12351426,30
12345730,12348694,11
12345730,12350468,15
12345730,Depot,15
12348335,12351217,32
12348335,12348192,43
12348335,12349057,56
12348335,12349516,36
12348335,12343415,30
12348335,12351488,47
12348335,12350135,43
12348335,12345328,51
12348335,12348444,44
12348335,12350840,41
12348335,12350818,58
12348335,12350484,43
12348335,12308520,44
12348335,12349005,26
12348335,12350627,41
12348335,12349651,41
12348335,12351196,49
12348335,12349968,49
12348335,12350265,46
12348335,12351082,21
12348335,12342376,49
12348335,12349989,44
12348335,12351272,28
12348335,12351315,46
12348335,12347928,38
12348335,12351049,46
12348335,12349009,32
12348335,12351024,49
12348335,12350358,30
12348335,12351769,47
12348335,12350501,9
12348335,12348896,41
12348335,12349842,27
12348335,12350103,28
12348335,12349706,17
12348335,12337737,33
12348335,12346603,37
12348335,12350687,39
12348335,12348803,32
12348335,12350757,45
12348335,12345730,27
12348335,12347871,48
12348335,12350758,26
12348335,12349553,44
12348335,12350656,48
12348335,12338526,51
12348335,12348665,34
12348335,12350684,29
12348335,12347260,5
12348335,12348709,41
12348335,12332932,25
12348335,12345229,36
12348335,12350492,32
12348335,12346752,37
12348335,12349283,16
12348335,12339545,53
12348335,12350842,23
12348335,12351426,15
12348335,12348694,21
12348335,12350468,35
12348335,Depot,35
12347871,12351217,49
12347871,12348192,47
12347871,12349057,44
12347871,12349516,50
12347871,12343415,58
12347871,12351488,55
12347871,12350135,52
12347871,12345328,18
12347871,12348444,22
12347871,12350840,18
12347871,12350818,27
12347871,12350484,9
12347871,12308520,8
12347871,12349005,23
12347871,12350627,10
12347871,12349651,7
12347871,12351196,6
12347871,12349968,4
12347871,12350265,13
12347871,12351082,28
12347871,12342376,16
12347871,12349989,7
12347871,12351272,20
12347871,12351315,14
12347871,12347928,15
12347871,12351049,14
12347871,12349009,17
12347871,12351024,19
12347871,12350358,15
12347871,12351769,4
12347871,12350501,32
12347871,12348896,14
12347871,12349842,24
12347871,12350103,31
12347871,12349706,28
12347871,12337737,22
12347871,12346603,15
12347871,12350687,15
12347871,12348803,21
12347871,12350757,32
12347871,12345730,20
12347871,12348335,48
12347871,12350758,19
12347871,12349553,8
12347871,12350656,32
12347871,12338526,30
12347871,12348665,8
12347871,12350684,20
12347871,12347260,49
12347871,12348709,13
12347871,12332932,42
12347871,12345229,25
12347871,12350492,34
12347871,12346752,34
12347871,12349283,32
12347871,12339545,34
12347871,12350842,29
12347871,12351426,37
12347871,12348694,29
12347871,12350468,6
12347871,Depot,8
12350758,12351217,48
12350758,12348192,46
12350758,12349057,43
12350758,12349516,49
12350758,12343415,56
12350758,12351488,54
12350758,12350135,50
12350758,12345328,31
12350758,12348444,29
12350758,12350840,28
12350758,12350818,38
12350758,12350484,13
12350758,12308520,12
12350758,12349005,5
12350758,12350627,21
12350758,12349651,22
12350758,12351196,21
12350758,12349968,21
12350758,12350265,20
12350758,12351082,15
12350758,12342376,29
12350758,12349989,11
12350758,12351272,3
12350758,12351315,46
12350758,12347928,24
12350758,12351049,27
12350758,12349009,18
12350758,12351024,28
12350758,12350358,9
12350758,12351769,17
12350758,12350501,24
12350758,12348896,7
12350758,12349842,15
12350758,12350103,19
12350758,12349706,11
12350758,12337737,19
12350758,12346603,10
12350758,12350687,9
12350758,12348803,18
12350758,12350757,30
12350758,12345730,3
12350758,12348335,26
12350758,12347871,19
12350758,12349553,14
12350758,12350656,35
12350758,12338526,31
12350758,12348665,13
12350758,12350684,16
12350758,12347260,27
12350758,12348709,8
12350758,12332932,35
12350758,12345229,26
12350758,12350492,33
12350758,12346752,34
12350758,12349283,22
12350758,12339545,38
12350758,12350842,20
12350758,12351426,29
12350758,12348694,12
12350758,12350468,14
12350758,Depot,14
12349553,12351217,45
12349553,12348192,43
12349553,12349057,40
12349553,12349516,46
12349553,12343415,53
12349553,12351488,51
12349553,12350135,47
12349553,12345328,25
12349553,12348444,26
12349553,12350840,23
12349553,12350818,32
12349553,12350484,5
12349553,12308520,9
12349553,12349005,17
12349553,12350627,14
12349553,12349651,14
12349553,12351196,14
12349553,12349968,10
12349553,12350265,17
12349553,12351082,24
12349553,12342376,24
12349553,12349989,9
12349553,12351272,14
12349553,12351315,21
12349553,12347928,19
12349553,12351049,20
12349553,12349009,21
12349553,12351024,23
12349553,12350358,10
12349553,12351769,6
12349553,12350501,28
12349553,12348896,9
12349553,12349842,20
12349553,12350103,27
12349553,12349706,23
12349553,12337737,17
12349553,12346603,11
12349553,12350687,11
12349553,12348803,16
12349553,12350757,29
12349553,12345730,15
12349553,12348335,44
12349553,12347871,8
12349553,12350758,14
12349553,12350656,29
12349553,12338526,28
12349553,12348665,10
12349553,12350684,16
12349553,12347260,44
12349553,12348709,7
12349553,12332932,40
12349553,12345229,30
12349553,12350492,39
12349553,12346752,38
12349553,12349283,29
12349553,12339545,41
12349553,12350842,26
12349553,12351426,33
12349553,12348694,27
12349553,12350468,9
12349553,Depot,10
12350656,12351217,28
12350656,12348192,26
12350656,12349057,23
12350656,12349516,30
12350656,12343415,37
12350656,12351488,35
12350656,12350135,31
12350656,12345328,46
12350656,12348444,48
12350656,12350840,44
12350656,12350818,49
12350656,12350484,26
12350656,12308520,30
12350656,12349005,35
12350656,12350627,32
12350656,12349651,37
12350656,12351196,42
12350656,12349968,36
12350656,12350265,39
12350656,12351082,46
12350656,12342376,44
12350656,12349989,30
12350656,12351272,33
12350656,12351315,42
12350656,12347928,41
12350656,12351049,42
12350656,12349009,45
12350656,12351024,41
12350656,12350358,33
12350656,12351769,32
12350656,12350501,46
12350656,12348896,27
12350656,12349842,23
12350656,12350103,28
12350656,12349706,34
12350656,12337737,14
12350656,12346603,20
12350656,12350687,25
12350656,12348803,18
12350656,12350757,3
12350656,12345730,34
12350656,12348335,48
12350656,12347871,31
12350656,12350758,35
12350656,12349553,28
12350656,12338526,4
12350656,12348665,32
12350656,12350684,17
12350656,12347260,50
12350656,12348709,28
12350656,12332932,61
12350656,12345229,66
12350656,12350492,69
12350656,12346752,69
12350656,12349283,49
12350656,12339545,65
12350656,12350842,47
12350656,12351426,55
12350656,12348694,32
12350656,12350468,31
12350656,Depot,31
12338526,12351217,31
12338526,12348192,29
12338526,12349057,26
12338526,12349516,33
12338526,12343415,40
12338526,12351488,38
12338526,12350135,34
12338526,12345328,42
12338526,12348444,43
12338526,12350840,40
12338526,12350818,49
12338526,12350484,26
12338526,12308520,26
12338526,12349005,31
12338526,12350627,32
12338526,12349651,32
12338526,12351196,44
12338526,12349968,32
12338526,12350265,34
12338526,12351082,42
12338526,12342376,40
12338526,12349989,26
12338526,12351272,29
12338526,12351315,43
12338526,12347928,37
12338526,12351049,38
12338526,12349009,41
12338526,12351024,40
12338526,12350358,29
12338526,12351769,31
12338526,12350501,47
12338526,12348896,23
12338526,12349842,20
12338526,12350103,23
12338526,12349706,30
12338526,12337737,13
12338526,12346603,19
12338526,12350687,21
12338526,12348803,17
12338526,12350757,5
12338526,12345730,29
12338526,12348335,49
12338526,12347871,30
12338526,12350758,31
12338526,12349553,27
12338526,12350656,4
12338526,12348665,27
12338526,12350684,16
12338526,12347260,51
12338526,12348709,23
12338526,12332932,57
12338526,12345229,47
12338526,12350492,55
12338526,12346752,74
12338526,12349283,45
12338526,12339545,56
12338526,12350842,43
12338526,12351426,50
12338526,12348694,28
12338526,12350468,27
12338526,Depot,27
12348665,12351217,46
12348665,12348192,44
12348665,12349057,41
12348665,12349516,47
12348665,12343415,54
12348665,12351488,52
12348665,12350135,48
12348665,12345328,20
12348665,12348444,19
12348665,12350840,15
12348665,12350818,22
12348665,12350484,9
12348665,12308520,3
12348665,12349005,17
12348665,12350627,10
12348665,12349651,11
12348665,12351196,10
12348665,12349968,10
12348665,12350265,7
12348665,12351082,23
12348665,12342376,18
12348665,12349989,2
12348665,12351272,14
12348665,12351315,16
12348665,12347928,12
12348665,12351049,15
12348665,12349009,12
12348665,12351024,16
12348665,12350358,6
12348665,12351769,10
12348665,12350501,29
12348665,12348896,9
12348665,12349842,21
12348665,12350103,28
12348665,12349706,22
12348665,12337737,19
12348665,12346603,12
12348665,12350687,11
12348665,12348803,17
12348665,12350757,28
12348665,12345730,14
12348665,12348335,34
12348665,12347871,8
12348665,12350758,13
12348665,12349553,10
12348665,12350656,28
12348665,12338526,27
12348665,12350684,17
12348665,12347260,35
12348665,12348709,7
12348665,12332932,36
12348665,12345229,21
12348665,12350492,29
12348665,12346752,29
12348665,12349283,29
12348665,12339545,31
12348665,12350842,22
12348665,12351426,33
12348665,12348694,23
12348665,12350468,1
12348665,Depot,3
12350684,12351217,33
12350684,12348192,31
12350684,12349057,28
12350684,12349516,34
12350684,12343415,41
12350684,12351488,39
12350684,12350135,35
12350684,12345328,32
12350684,12348444,33
12350684,12350840,30
12350684,12350818,39
12350684,12350484,15
12350684,12308520,16
12350684,12349005,15
12350684,12350627,22
12350684,12349651,22
12350684,12351196,21
12350684,12349968,21
12350684,12350265,26
12350684,12351082,26
12350684,12342376,30
12350684,12349989,16
12350684,12351272,14
12350684,12351315,27
12350684,12347928,27
12350684,12351049,28
12350684,12349009,28
12350684,12351024,30
12350684,12350358,19
12350684,12351769,19
12350684,12350501,27
12350684,12348896,12
12350684,12349842,5
12350684,12350103,12
12350684,12349706,14
12350684,12337737,6
12350684,12346603,9
12350684,12350687,9
12350684,12348803,4
12350684,12350757,18
12350684,12345730,15
12350684,12348335,29
12350684,12347871,20
12350684,12350758,16
12350684,12349553,16
12350684,12350656,18
12350684,12338526,16
12350684,12348665,17
12350684,12347260,30
12350684,12348709,13
12350684,12332932,47
12350684,12345229,39
12350684,12350492,44
12350684,12346752,46
12350684,12349283,35
12350684,12339545,50
12350684,12350842,33
12350684,12351426,35
12350684,12348694,12
12350684,12350468,17
12350684,Depot,17
12347260,12351217,29
12347260,12348192,41
12347260,12349057,42
12347260,12349516,33
12347260,12343415,31
12347260,12351488,43
12347260,12350135,38
12347260,12345328,53
12347260,12348444,42
12347260,12350840,40
12347260,12350818,59
12347260,12350484,44
12347260,12308520,44
12347260,12349005,27
12347260,12350627,41
12347260,12349651,51
12347260,12351196,50
12347260,12349968,50
12347260,12350265,46
12347260,12351082,22
12347260,12342376,50
12347260,12349989,44
12347260,12351272,29
12347260,12351315,47
12347260,12347928,38
12347260,12351049,47
12347260,12349009,32
12347260,12351024,51
12347260,12350358,31
12347260,12351769,48
12347260,12350501,9
12347260,12348896,32
12347260,12349842,28
12347260,12350103,27
12347260,12349706,18
12347260,12337737,34
12347260,12346603,38
12347260,12350687,40
12347260,12348803,33
12347260,12350757,46
12347260,12345730,27
12347260,12348335,5
12347260,12347871,49
12347260,12350758,27
12347260,12349553,44
12347260,12350656,49
12347260,12338526,52
12347260,12348665,35
12347260,12350684,30
12347260,12348709,42
12347260,12332932,29
12347260,12345229,38
12347260,12350492,33
12347260,12346752,39
12347260,12349283,19
12347260,12339545,55
12347260,12350842,24
12347260,12351426,18
12347260,12348694,18
12347260,12350468,36
12347260,Depot,35
12348709,12351217,42
12348709,12348192,40
12348709,12349057,37
12348709,12349516,43
12348709,12343415,50
12348709,12351488,48
12348709,12350135,44
12348709,12345328,24
12348709,12348444,23
12348709,12350840,20
12348709,12350818,32
12348709,12350484,6
12348709,12308520,5
12348709,12349005,11
12348709,12350627,14
12348709,12349651,14
12348709,12351196,13
12348709,12349968,14
12348709,12350265,12
12348709,12351082,20
12348709,12342376,22
12348709,12349989,5
12348709,12351272,9
12348709,12351315,27
12348709,12347928,16
12348709,12351049,20
12348709,12349009,15
12348709,12351024,20
12348709,12350358,6
12348709,12351769,10
12348709,12350501,27
12348709,12348896,3
12348709,12349842,17
12348709,12350103,24
12348709,12349706,17
12348709,12337737,15
12348709,12346603,7
12348709,12350687,5
12348709,12348803,13
12348709,12350757,24
12348709,12345730,9
12348709,12348335,41
12348709,12347871,12
12348709,12350758,8
12348709,12349553,7
12348709,12350656,27
12348709,12338526,23
12348709,12348665,7
12348709,12350684,13
12348709,12347260,42
12348709,12332932,35
12348709,12345229,25
12348709,12350492,33
12348709,12346752,33
12348709,12349283,27
12348709,12339545,37
12348709,12350842,22
12348709,12351426,32
12348709,12348694,18
12348709,12350468,7
12348709,Depot,7
12332932,12351217,65
12332932,12348192,73
12332932,12349057,70
12332932,12349516,69
12332932,12343415,52
12332932,12351488,80
12332932,12350135,75
12332932,12345328,78
12332932,12348444,33
12332932,12350840,35
12332932,12350818,40
12332932,12350484,40
12332932,12308520,36
12332932,12349005,36
12332932,12350627,44
12332932,12349651,47
12332932,12351196,46
12332932,12349968,46
12332932,12350265,35
12332932,12351082,31
12332932,12342376,56
12332932,12349989,33
12332932,12351272,37
12332932,12351315,52
12332932,12347928,33
12332932,12351049,53
12332932,12349009,29
12332932,12351024,40
12332932,12350358,31
12332932,12351769,44
12332932,12350501,22
12332932,12348896,40
12332932,12349842,50
12332932,12350103,45
12332932,12349706,34
12332932,12337737,48
12332932,12346603,41
12332932,12350687,40
12332932,12348803,46
12332932,12350757,57
12332932,12345730,36
12332932,12348335,25
12332932,12347871,42
12332932,12350758,35
12332932,12349553,41
12332932,12350656,60
12332932,12338526,56
12332932,12348665,35
12332932,12350684,46
12332932,12347260,29
12332932,12348709,40
12332932,12345229,20
12332932,12350492,14
12332932,12346752,20
12332932,12349283,15
12332932,12339545,34
12332932,12350842,20
12332932,12351426,20
12332932,12348694,46
12332932,12350468,36
12332932,Depot,36
12345229,12351217,54
12345229,12348192,60
12345229,12349057,60
12345229,12349516,55
12345229,12343415,77
12345229,12351488,72
12345229,12350135,58
12345229,12345328,22
12345229,12348444,12
12345229,12350840,11
12345229,12350818,17
12345229,12350484,30
12345229,12308520,24
12345229,12349005,27
12345229,12350627,18
12345229,12349651,21
12345229,12351196,24
12345229,12349968,24
12345229,12350265,16
12345229,12351082,28
12345229,12342376,20
12345229,12349989,22
12345229,12351272,28
12345229,12351315,31
12345229,12347928,11
12345229,12351049,21
12345229,12349009,11
12345229,12351024,15
12345229,12350358,21
12345229,12351769,28
12345229,12350501,30
12345229,12348896,25
12345229,12349842,35
12345229,12350103,39
12345229,12349706,29
12345229,12337737,39
12345229,12346603,32
12345229,12350687,30
12345229,12348803,38
12345229,12350757,60
12345229,12345730,27
12345229,12348335,36
12345229,12347871,25
12345229,12350758,26
12345229,12349553,31
12345229,12350656,48
12345229,12338526,46
12345229,12348665,21
12345229,12350684,38
12345229,12347260,39
12345229,12348709,25
12345229,12332932,20
12345229,12350492,10
12345229,12346752,10
12345229,12349283,22
12345229,12339545,19
12345229,12350842,18
12345229,12351426,33
12345229,12348694,32
12345229,12350468,21
12345229,Depot,23
12350492,12351217,59
12350492,12348192,68
12350492,12349057,71
12350492,12349516,63
12350492,12343415,57
12350492,12351488,84
12350492,12350135,65
12350492,12345328,70
12350492,12348444,22
12350492,12350840,21
12350492,12350818,24
12350492,12350484,38
12350492,12308520,32
12350492,12349005,34
12350492,12350627,30
12350492,12349651,36
12350492,12351196,36
12350492,12349968,36
12350492,12350265,24
12350492,12351082,31
12350492,12342376,40
12350492,12349989,30
12350492,12351272,35
12350492,12351315,42
12350492,12347928,21
12350492,12351049,38
12350492,12349009,19
12350492,12351024,25
12350492,12350358,29
12350492,12351769,36
12350492,12350501,26
12350492,12348896,33
12350492,12349842,43
12350492,12350103,43
12350492,12349706,33
12350492,12337737,61
12350492,12346603,49
12350492,12350687,37
12350492,12348803,45
12350492,12350757,71
12350492,12345730,34
12350492,12348335,32
12350492,12347871,34
12350492,12350758,33
12350492,12349553,40
12350492,12350656,72
12350492,12338526,54
12350492,12348665,29
12350492,12350684,44
12350492,12347260,33
12350492,12348709,33
12350492,12332932,14
12350492,12345229,10
12350492,12346752,10
12350492,12349283,17
12350492,12339545,23
12350492,12350842,18
12350492,12351426,27
12350492,12348694,36
12350492,12350468,29
12350492,Depot,31
12346752,12351217,62
12346752,12348192,68
12346752,12349057,74
12346752,12349516,63
12346752,12343415,75
12346752,12351488,80
12346752,12350135,66
12346752,12345328,30
12346752,12348444,18
12346752,12350840,21
12346752,12350818,19
12346752,12350484,38
12346752,12308520,32
12346752,12349005,35
12346752,12350627,27
12346752,12349651,31
12346752,12351196,33
12346752,12349968,34
12346752,12350265,24
12346752,12351082,36
12346752,12342376,34
12346752,12349989,29
12346752,12351272,36
12346752,12351315,36
12346752,12347928,20
12346752,12351049,32
12346752,12349009,19
12346752,12351024,25
12346752,12350358,29
12346752,12351769,36
12346752,12350501,31
12346752,12348896,34
12346752,12349842,54
12346752,12350103,47
12346752,12349706,37
12346752,12337737,47
12346752,12346603,39
12346752,12350687,38
12346752,12348803,46
12346752,12350757,69
12346752,12345730,35
12346752,12348335,37
12346752,12347871,34
12346752,12350758,34
12346752,12349553,38
12346752,12350656,70
12346752,12338526,77
12346752,12348665,29
12346752,12350684,45
12346752,12347260,39
12346752,12348709,33
12346752,12332932,20
12346752,12345229,10
12346752,12350492,10
12346752,12349283,21
12346752,12339545,18
12346752,12350842,22
12346752,12351426,33
12346752,12348694,40
12346752,12350468,29
12346752,Depot,31
12349283,12351217,45
12349283,12348192,62
12349283,12349057,59
12349283,12349516,49
12349283,12343415,54
12349283,12351488,71
12349283,12350135,68
12349283,12345328,38
12349283,12348444,31
12349283,12350840,29
12349283,12350818,36
12349283,12350484,29
12349283,12308520,29
12349283,12349005,23
12349283,12350627,34
12349283,12349651,35
12349283,12351196,34
12349283,12349968,34
12349283,12350265,39
12349283,12351082,17
12349283,12342376,43
12349283,12349989,29
12349283,12351272,24
12349283,12351315,40
12349283,12347928,27
12349283,12351049,40
12349283,12349009,21
12349283,12351024,31
12349283,12350358,31
12349283,12351769,33
12349283,12350501,12
12349283,12348896,28
12349283,12349842,35
12349283,12350103,35
12349283,12349706,23
12349283,12337737,37
12349283,12346603,30
12349283,12350687,30
12349283,12348803,35
12349283,12350757,46
12349283,12345730,23
12349283,12348335,16
12349283,12347871,33
12349283,12350758,22
12349283,12349553,29
12349283,12350656,49
12349283,12338526,45
12349283,12348665,30
12349283,12350684,35
12349283,12347260,19
12349283,12348709,28
12349283,12332932,15
12349283,12345229,22
12349283,12350492,17
12349283,12346752,22
12349283,12339545,37
12349283,12350842,10
12349283,12351426,13
12349283,12348694,29
12349283,12350468,30
12349283,Depot,30
12339545,12351217,124
12339545,12348192,90
12339545,12349057,87
12339545,12349516,125
12339545,12343415,133
12339545,12351488,98
12339545,12350135,94
12339545,12345328,24
12339545,12348444,17
12339545,12350840,20
12339545,12350818,13
12339545,12350484,42
12339545,12308520,34
12339545,12349005,39
12339545,12350627,27
12339545,12349651,30
12339545,12351196,33
12339545,12349968,33
12339545,12350265,25
12339545,12351082,40
12339545,12342376,23
12339545,12349989,33
12339545,12351272,40
12339545,12351315,35
12339545,12347928,20
12339545,12351049,24
12339545,12349009,23
12339545,12351024,22
12339545,12350358,32
12339545,12351769,36
12339545,12350501,46
12339545,12348896,38
12339545,12349842,100
12339545,12350103,108
12339545,12349706,40
12339545,12337737,51
12339545,12346603,44
12339545,12350687,42
12339545,12348803,46
12339545,12350757,69
12339545,12345730,39
12339545,12348335,53
12339545,12347871,34
12339545,12350758,38
12339545,12349553,41
12339545,12350656,57
12339545,12338526,55
12339545,12348665,31
12339545,12350684,49
12339545,12347260,53
12339545,12348709,37
12339545,12332932,34
12339545,12345229,19
12339545,12350492,23
12339545,12346752,18
12339545,12349283,37
12339545,12350842,38
12339545,12351426,48
12339545,12348694,107
12339545,12350468,30
12339545,Depot,33
12350842,12351217,45
12350842,12348192,60
12350842,12349057,56
12350842,12349516,46
12350842,12343415,61
12350842,12351488,67
12350842,12350135,64
12350842,12345328,33
12350842,12348444,26
12350842,12350840,25
12350842,12350818,31
12350842,12350484,25
12350842,12308520,23
12350842,12349005,21
12350842,12350627,24
12350842,12349651,32
12350842,12351196,31
12350842,12349968,31
12350842,12350265,18
12350842,12351082,15
12350842,12342376,31
12350842,12349989,20
12350842,12351272,21
12350842,12351315,31
12350842,12347928,22
12350842,12351049,29
12350842,12349009,16
12350842,12351024,26
12350842,12350358,18
12350842,12351769,30
12350842,12350501,16
12350842,12348896,20
12350842,12349842,29
12350842,12350103,30
12350842,12349706,19
12350842,12337737,34
12350842,12346603,26
12350842,12350687,24
12350842,12348803,32
12350842,12350757,43
12350842,12345730,21
12350842,12348335,23
12350842,12347871,29
12350842,12350758,20
12350842,12349553,26
12350842,12350656,46
12350842,12338526,42
12350842,12348665,22
12350842,12350684,32
12350842,12347260,24
12350842,12348709,22
12350842,12332932,20
12350842,12345229,18
12350842,12350492,18
12350842,12346752,22
12350842,12349283,10
12350842,12339545,39
12350842,12351426,20
12350842,12348694,23
12350842,12350468,23
12350842,Depot,23
12351426,12351217,45
12351426,12348192,66
12351426,12349057,63
12351426,12349516,49
12351426,12343415,43
12351426,12351488,82
12351426,12350135,80
12351426,12345328,50
12351426,12348444,41
12351426,12350840,40
12351426,12350818,50
12351426,12350484,32
12351426,12308520,32
12351426,12349005,29
12351426,12350627,38
12351426,12349651,39
12351426,12351196,38
12351426,12349968,38
12351426,12350265,34
12351426,12351082,24
12351426,12342376,48
12351426,12349989,32
12351426,12351272,30
12351426,12351315,44
12351426,12347928,37
12351426,12351049,45
12351426,12349009,31
12351426,12351024,47
12351426,12350358,34
12351426,12351769,36
12351426,12350501,11
12351426,12348896,32
12351426,12349842,34
12351426,12350103,34
12351426,12349706,24
12351426,12337737,40
12351426,12346603,33
12351426,12350687,33
12351426,12348803,39
12351426,12350757,50
12351426,12345730,29
12351426,12348335,15
12351426,12347871,37
12351426,12350758,28
12351426,12349553,33
12351426,12350656,52
12351426,12338526,48
12351426,12348665,34
12351426,12350684,36
12351426,12347260,18
12351426,12348709,32
12351426,12332932,21
12351426,12345229,33
12351426,12350492,27
12351426,12346752,32
12351426,12349283,13
12351426,12339545,48
12351426,12350842,20
12351426,12348694,28
12351426,12350468,33
12351426,Depot,33
12348694,12351217,31
12348694,12348192,43
12348694,12349057,40
12348694,12349516,32
12348694,12343415,41
12348694,12351488,39
12348694,12350135,34
12348694,12345328,44
12348694,12348444,32
12348694,12350840,31
12348694,12350818,46
12348694,12350484,23
12348694,12308520,22
12348694,12349005,10
12348694,12350627,33
12348694,12349651,30
12348694,12351196,33
12348694,12349968,31
12348694,12350265,34
12348694,12351082,18
12348694,12342376,41
12348694,12349989,21
12348694,12351272,12
12348694,12351315,54
12348694,12347928,28
12348694,12351049,39
12348694,12349009,23
12348694,12351024,38
12348694,12350358,19
12348694,12351769,27
12348694,12350501,19
12348694,12348896,15
12348694,12349842,10
12348694,12350103,9
12348694,12349706,7
12348694,12337737,17
12348694,12346603,14
12348694,12350687,14
12348694,12348803,16
12348694,12350757,29
12348694,12345730,11
12348694,12348335,21
12348694,12347871,29
12348694,12350758,12
12348694,12349553,27
12348694,12350656,32
12348694,12338526,28
12348694,12348665,23
12348694,12350684,13
12348694,12347260,19
12348694,12348709,18
12348694,12332932,38
12348694,12345229,32
12348694,12350492,36
12348694,12346752,40
12348694,12349283,28
12348694,12339545,103
12348694,12350842,23
12348694,12351426,27
12348694,12350468,24
12348694,Depot,23
12350468,12351217,45
12350468,12348192,43
12350468,12349057,40
12350468,12349516,46
12350468,12343415,53
12350468,12351488,51
12350468,12350135,47
12350468,12345328,18
12350468,12348444,18
12350468,12350840,15
12350468,12350818,21
12350468,12350484,9
12350468,12308520,4
12350468,12349005,17
12350468,12350627,9
12350468,12349651,10
12350468,12351196,9
12350468,12349968,9
12350468,12350265,7
12350468,12351082,24
12350468,12342376,16
12350468,12349989,4
12350468,12351272,14
12350468,12351315,15
12350468,12347928,11
12350468,12351049,14
12350468,12349009,12
12350468,12351024,15
12350468,12350358,7
12350468,12351769,8
12350468,12350501,28
12350468,12348896,10
12350468,12349842,20
12350468,12350103,27
12350468,12349706,22
12350468,12337737,18
12350468,12346603,11
12350468,12350687,11
12350468,12348803,17
12350468,12350757,28
12350468,12345730,15
12350468,12348335,35
12350468,12347871,6
12350468,12350758,14
12350468,12349553,9
12350468,12350656,28
12350468,12338526,26
12350468,12348665,1
12350468,12350684,16
12350468,12347260,36
12350468,12348709,7
12350468,12332932,36
12350468,12345229,21
12350468,12350492,29
12350468,12346752,29
12350468,12349283,28
12350468,12339545,30
12350468,12350842,23
12350468,12351426,33
12350468,12348694,23
12350468,Depot,3
Depot,12351217,45
Depot,12348192,44
Depot,12349057,40
Depot,12349516,46
Depot,12343415,54
Depot,12351488,51
Depot,12350135,48
Depot,12345328,21
Depot,12348444,20
Depot,12350840,17
Depot,12350818,23
Depot,12350484,9
Depot,12308520,4
Depot,12349005,17
Depot,12350627,11
Depot,12349651,12
Depot,12351196,11
Depot,12349968,11
Depot,12350265,10
Depot,12351082,24
Depot,12342376,19
Depot,12349989,3
Depot,12351272,15
Depot,12351315,17
Depot,12347928,14
Depot,12351049,17
Depot,12349009,14
Depot,12351024,17
Depot,12350358,7
Depot,12351769,10
Depot,12350501,28
Depot,12348896,10
Depot,12349842,21
Depot,12350103,27
Depot,12349706,22
Depot,12337737,19
Depot,12346603,12
Depot,12350687,11
Depot,12348803,17
Depot,12350757,28
Depot,12345730,15
Depot,12348335,35
Depot,12347871,8
Depot,12350758,14
Depot,12349553,10
Depot,12350656,28
Depot,12338526,26
Depot,12348665,3
Depot,12350684,16
Depot,12347260,35
Depot,12348709,7
Depot,12332932,36
Depot,12345229,23
Depot,12350492,31
Depot,12346752,31
Depot,12349283,28
Depot,12339545,33
Depot,12350842,23
Depot,12351426,33
Depot,12348694,23
Depot,12350468,3
